<?xml version="1.0" encoding="utf-8"?>
<!DOCTYPE document PUBLIC "+//IDN docutils.sourceforge.net//DTD Docutils Generic//EN//XML" "http://docutils.sourceforge.net/docs/ref/docutils.dtd">
<!-- Generated by Docutils 0.16 -->
<document source="C:\ANSYSDev\tfs_agent\_work\645\s\felyx\doc\acp\user_doc\acp_module\classes_solution.txt">
    <section ids="solution-classes" names="solution\ classes">
        <title><reference internal="True" refid="compolyx.Solution" reftitle="compolyx.Solution"><literal classes="xref py py-class">Solution</literal></reference> Classes</title>
        <section ids="solution" names="solution">
            <title><reference internal="True" refid="compolyx.Solution" reftitle="compolyx.Solution"><literal classes="xref py py-class">Solution</literal></reference></title>
            <index entries="['single',\ 'Solution\ (class\ in\ compolyx)',\ 'compolyx.Solution',\ '',\ None]"></index>
            <desc classes="py" desctype="class" domain="py" noindex="False" objtype="class">
                <desc_signature class="" fullname="Solution" ids="compolyx.Solution" module="compolyx"><desc_annotation xml:space="preserve">class </desc_annotation><desc_addname xml:space="preserve">compolyx.</desc_addname><desc_name xml:space="preserve">Solution</desc_name><desc_parameterlist xml:space="preserve"><desc_parameter xml:space="preserve"><desc_sig_name classes="n n">obj</desc_sig_name></desc_parameter><desc_parameter xml:space="preserve"><desc_sig_name classes="n n">parent</desc_sig_name><desc_sig_operator classes="o o">=</desc_sig_operator><inline classes="default_value" support_smartquotes="False">None</inline></desc_parameter></desc_parameterlist></desc_signature>
                <desc_content>
                    <paragraph>Class to compute postprocessings of a finite element solution.</paragraph>
                    <paragraph>Access:</paragraph>
                    <doctest_block classes="doctest" xml:space="preserve">&gt;&gt;&gt; import compolyx
&gt;&gt;&gt; db = compolyx.DB()
&gt;&gt;&gt; model = db.models['class40.1']
&gt;&gt;&gt; sol = db.models['class40.1'].add_solution(name='class40.1', path='class40.rst', format='ansys:rst')</doctest_block>
                    <index entries="['single',\ 'ID()\ (compolyx.Solution\ property)',\ 'compolyx.Solution.ID',\ '',\ None]"></index>
                    <desc classes="py" desctype="method" domain="py" noindex="False" objtype="method">
                        <desc_signature class="Solution" fullname="Solution.ID" ids="compolyx.Solution.ID" module="compolyx"><desc_annotation xml:space="preserve">property </desc_annotation><desc_name xml:space="preserve">ID</desc_name></desc_signature>
                        <desc_content>
                            <paragraph>Id to be displayed in Envelope solution</paragraph>
                        </desc_content>
                    </desc>
                    <index entries="['single',\ 'active()\ (compolyx.Solution\ property)',\ 'compolyx.Solution.active',\ '',\ None]"></index>
                    <desc classes="py" desctype="method" domain="py" noindex="False" objtype="method">
                        <desc_signature class="Solution" fullname="Solution.active" ids="compolyx.Solution.active" module="compolyx"><desc_annotation xml:space="preserve">property </desc_annotation><desc_name xml:space="preserve">active</desc_name></desc_signature>
                        <desc_content>
                            <paragraph>Activate or deactivate solution</paragraph>
                        </desc_content>
                    </desc>
                    <index entries="['single',\ 'clear()\ (compolyx.Solution\ method)',\ 'compolyx.Solution.clear',\ '',\ None]"></index>
                    <desc classes="py" desctype="method" domain="py" noindex="False" objtype="method">
                        <desc_signature class="Solution" fullname="Solution.clear" ids="compolyx.Solution.clear" module="compolyx"><desc_name xml:space="preserve">clear</desc_name><desc_parameterlist xml:space="preserve"></desc_parameterlist></desc_signature>
                        <desc_content>
                            <paragraph>Clear all result data</paragraph>
                        </desc_content>
                    </desc>
                    <index entries="['single',\ 'clear_element_results()\ (compolyx.Solution\ method)',\ 'compolyx.Solution.clear_element_results',\ '',\ None]"></index>
                    <desc classes="py" desctype="method" domain="py" noindex="False" objtype="method">
                        <desc_signature class="Solution" fullname="Solution.clear_element_results" ids="compolyx.Solution.clear_element_results" module="compolyx"><desc_name xml:space="preserve">clear_element_results</desc_name><desc_parameterlist xml:space="preserve"></desc_parameterlist></desc_signature>
                        <desc_content>
                            <paragraph>Resets the post-processing results for each layered element</paragraph>
                        </desc_content>
                    </desc>
                    <index entries="['single',\ 'clear_failure_criteria_results()\ (compolyx.Solution\ method)',\ 'compolyx.Solution.clear_failure_criteria_results',\ '',\ None]"></index>
                    <desc classes="py" desctype="method" domain="py" noindex="False" objtype="method">
                        <desc_signature class="Solution" fullname="Solution.clear_failure_criteria_results" ids="compolyx.Solution.clear_failure_criteria_results" module="compolyx"><desc_name xml:space="preserve">clear_failure_criteria_results</desc_name><desc_parameterlist xml:space="preserve"></desc_parameterlist></desc_signature>
                        <desc_content>
                            <paragraph>Resets the failure criteria results for each layered element</paragraph>
                        </desc_content>
                    </desc>
                    <index entries="['single',\ 'enabled()\ (compolyx.Solution\ property)',\ 'compolyx.Solution.enabled',\ '',\ None]"></index>
                    <desc classes="py" desctype="method" domain="py" noindex="False" objtype="method">
                        <desc_signature class="Solution" fullname="Solution.enabled" ids="compolyx.Solution.enabled" module="compolyx"><desc_annotation xml:space="preserve">property </desc_annotation><desc_name xml:space="preserve">enabled</desc_name></desc_signature>
                        <desc_content>
                            <paragraph>Whether this object is currently enabled or not. Mainly defined through the current application mode pre or post.</paragraph>
                        </desc_content>
                    </desc>
                    <index entries="['single',\ 'export_results_to_csv()\ (compolyx.Solution\ method)',\ 'compolyx.Solution.export_results_to_csv',\ '',\ None]"></index>
                    <desc classes="py" desctype="method" domain="py" noindex="False" objtype="method">
                        <desc_signature class="Solution" fullname="Solution.export_results_to_csv" ids="compolyx.Solution.export_results_to_csv" module="compolyx"><desc_name xml:space="preserve">export_results_to_csv</desc_name><desc_parameterlist xml:space="preserve"><desc_parameter xml:space="preserve"><desc_sig_name classes="n n">definition</desc_sig_name><desc_sig_operator classes="o o">=</desc_sig_operator><inline classes="default_value" support_smartquotes="False">None</inline></desc_parameter><desc_parameter xml:space="preserve"><desc_sig_name classes="n n">entities</desc_sig_name><desc_sig_operator classes="o o">=</desc_sig_operator><inline classes="default_value" support_smartquotes="False">[]</inline></desc_parameter><desc_parameter xml:space="preserve"><desc_sig_name classes="n n">file_path</desc_sig_name><desc_sig_operator classes="o o">=</desc_sig_operator><inline classes="default_value" support_smartquotes="False">None</inline></desc_parameter><desc_parameter xml:space="preserve"><desc_sig_name classes="n n">solution_set</desc_sig_name><desc_sig_operator classes="o o">=</desc_sig_operator><inline classes="default_value" support_smartquotes="False">- 1</inline></desc_parameter><desc_parameter xml:space="preserve"><desc_sig_name classes="n n">solids</desc_sig_name><desc_sig_operator classes="o o">=</desc_sig_operator><inline classes="default_value" support_smartquotes="False">False</inline></desc_parameter><desc_parameter xml:space="preserve"><desc_sig_name classes="n n">spot</desc_sig_name><desc_sig_operator classes="o o">=</desc_sig_operator><inline classes="default_value" support_smartquotes="False">'all'</inline></desc_parameter></desc_parameterlist></desc_signature>
                        <desc_content>
                            <paragraph>Exports the shell results of the selected entities to a csv file.</paragraph>
                            <field_list>
                                <field>
                                    <field_name>Parameters</field_name>
                                    <field_body>
                                        <bullet_list bullet="-">
                                            <list_item>
                                                <paragraph><title_reference>definitions</title_reference>: Selected definition - CombinedFailure Criteria object or as string ‘deformations’, ‘strains’ or ‘stresses’</paragraph>
                                            </list_item>
                                            <list_item>
                                                <paragraph><title_reference>entities</title_reference>: Defines the selection for the export. Can be a list of ElementSets, AnalysisPlies or SolidModels</paragraph>
                                            </list_item>
                                            <list_item>
                                                <paragraph><title_reference>file_path</title_reference>: File name</paragraph>
                                            </list_item>
                                            <list_item>
                                                <paragraph><title_reference>solution_set</title_reference>: Solution Set for which data is requested</paragraph>
                                            </list_item>
                                            <list_item>
                                                <paragraph><title_reference>solids</title_reference>: Boolean whether to take the results of the solid elements or not. Default is False (results of shells).</paragraph>
                                            </list_item>
                                            <list_item>
                                                <paragraph><title_reference>spots</title_reference>: Layer positions for which the results are exported. Allowed are ‘bot’, ‘mid’, ‘top’, ‘bot/top’, and ‘all’.</paragraph>
                                            </list_item>
                                        </bullet_list>
                                    </field_body>
                                </field>
                            </field_list>
                            <paragraph>Export results of solid models: Select the element set which is selected in the extrusion settings.</paragraph>
                            <field_list>
                                <field>
                                    <field_name>Usage</field_name>
                                    <field_body>
                                        <doctest_block classes="doctest" xml:space="preserve">&gt;&gt;&gt; model = db.active_model
&gt;&gt;&gt; model.solutions['Solution.1'].export_results_to_csv( definition='stresses', entities=[model.element_sets['BULKHEAD_ALL']], file_path=r'C: mp\stresses.csv', solution_set=1, solids=False, spot='bot-top')</doctest_block>
                                    </field_body>
                                </field>
                            </field_list>
                        </desc_content>
                    </desc>
                    <index entries="['single',\ 'ext_id()\ (compolyx.Solution\ property)',\ 'compolyx.Solution.ext_id',\ '',\ None]"></index>
                    <desc classes="py" desctype="method" domain="py" noindex="False" objtype="method">
                        <desc_signature class="Solution" fullname="Solution.ext_id" ids="compolyx.Solution.ext_id" module="compolyx"><desc_annotation xml:space="preserve">property </desc_annotation><desc_name xml:space="preserve">ext_id</desc_name></desc_signature>
                        <desc_content>
                            <paragraph>Id of corresponding Solution in external solution (ComponentID).</paragraph>
                        </desc_content>
                    </desc>
                    <index entries="['single',\ 'format()\ (compolyx.Solution\ property)',\ 'compolyx.Solution.format',\ '',\ None]"></index>
                    <desc classes="py" desctype="method" domain="py" noindex="False" objtype="method">
                        <desc_signature class="Solution" fullname="Solution.format" ids="compolyx.Solution.format" module="compolyx"><desc_annotation xml:space="preserve">property </desc_annotation><desc_name xml:space="preserve">format</desc_name></desc_signature>
                        <desc_content>
                            <paragraph>File format string. Choose one of ‘abaqus:inp’,’ansys:cdb’ or ‘nastran:f06’</paragraph>
                        </desc_content>
                    </desc>
                    <index entries="['single',\ 'has_element_temperatures()\ (compolyx.Solution\ property)',\ 'compolyx.Solution.has_element_temperatures',\ '',\ None]"></index>
                    <desc classes="py" desctype="method" domain="py" noindex="False" objtype="method">
                        <desc_signature class="Solution" fullname="Solution.has_element_temperatures" ids="compolyx.Solution.has_element_temperatures" module="compolyx"><desc_annotation xml:space="preserve">property </desc_annotation><desc_name xml:space="preserve">has_element_temperatures</desc_name></desc_signature>
                        <desc_content>
                            <paragraph>Boolean flag if element nodal temperatures are read from the rst file.</paragraph>
                        </desc_content>
                    </desc>
                    <index entries="['single',\ 'has_progressive_damage()\ (compolyx.Solution\ property)',\ 'compolyx.Solution.has_progressive_damage',\ '',\ None]"></index>
                    <desc classes="py" desctype="method" domain="py" noindex="False" objtype="method">
                        <desc_signature class="Solution" fullname="Solution.has_progressive_damage" ids="compolyx.Solution.has_progressive_damage" module="compolyx"><desc_annotation xml:space="preserve">property </desc_annotation><desc_name xml:space="preserve">has_progressive_damage</desc_name></desc_signature>
                        <desc_content>
                            <paragraph>Boolean flag if progressive_damage data are read from the rst file.</paragraph>
                        </desc_content>
                    </desc>
                    <index entries="['single',\ 'load()\ (compolyx.Solution\ method)',\ 'compolyx.Solution.load',\ '',\ None]"></index>
                    <desc classes="py" desctype="method" domain="py" noindex="False" objtype="method">
                        <desc_signature class="Solution" fullname="Solution.load" ids="compolyx.Solution.load" module="compolyx"><desc_name xml:space="preserve">load</desc_name><desc_parameterlist xml:space="preserve"></desc_parameterlist></desc_signature>
                        <desc_content>
                            <paragraph>Load result data from file</paragraph>
                        </desc_content>
                    </desc>
                    <index entries="['single',\ 'load_factor()\ (compolyx.Solution\ property)',\ 'compolyx.Solution.load_factor',\ '',\ None]"></index>
                    <desc classes="py" desctype="method" domain="py" noindex="False" objtype="method">
                        <desc_signature class="Solution" fullname="Solution.load_factor" ids="compolyx.Solution.load_factor" module="compolyx"><desc_annotation xml:space="preserve">property </desc_annotation><desc_name xml:space="preserve">load_factor</desc_name></desc_signature>
                        <desc_content>
                            <paragraph>Optional load factor within substep of non-linear solution where the nodal solution should be taken from. Only valid for ‘nastran:f06’ format.  Becomes (False,0) if not defined.</paragraph>
                        </desc_content>
                    </desc>
                    <index entries="['single',\ 'path()\ (compolyx.Solution\ property)',\ 'compolyx.Solution.path',\ '',\ None]"></index>
                    <desc classes="py" desctype="method" domain="py" noindex="False" objtype="method">
                        <desc_signature class="Solution" fullname="Solution.path" ids="compolyx.Solution.path" module="compolyx"><desc_annotation xml:space="preserve">property </desc_annotation><desc_name xml:space="preserve">path</desc_name></desc_signature>
                        <desc_content>
                            <paragraph>Path to the data file</paragraph>
                        </desc_content>
                    </desc>
                    <index entries="['single',\ 'path2()\ (compolyx.Solution\ property)',\ 'compolyx.Solution.path2',\ '',\ None]"></index>
                    <desc classes="py" desctype="method" domain="py" noindex="False" objtype="method">
                        <desc_signature class="Solution" fullname="Solution.path2" ids="compolyx.Solution.path2" module="compolyx"><desc_annotation xml:space="preserve">property </desc_annotation><desc_name xml:space="preserve">path2</desc_name></desc_signature>
                        <desc_content>
                            <paragraph>Path to the data file</paragraph>
                        </desc_content>
                    </desc>
                    <index entries="['single',\ 'plots()\ (compolyx.Solution\ property)',\ 'compolyx.Solution.plots',\ '',\ None]"></index>
                    <desc classes="py" desctype="method" domain="py" noindex="False" objtype="method">
                        <desc_signature class="Solution" fullname="Solution.plots" ids="compolyx.Solution.plots" module="compolyx"><desc_annotation xml:space="preserve">property </desc_annotation><desc_name xml:space="preserve">plots</desc_name></desc_signature>
                        <desc_content>
                            <paragraph>Container with PostProcessing Plots</paragraph>
                        </desc_content>
                    </desc>
                    <index entries="['single',\ 'query()\ (compolyx.Solution\ method)',\ 'compolyx.Solution.query',\ '',\ None]"></index>
                    <desc classes="py" desctype="method" domain="py" noindex="False" objtype="method">
                        <desc_signature class="Solution" fullname="Solution.query" ids="compolyx.Solution.query" module="compolyx"><desc_name xml:space="preserve">query</desc_name><desc_parameterlist xml:space="preserve"><desc_parameter xml:space="preserve"><desc_sig_name classes="n n">definition</desc_sig_name></desc_parameter><desc_parameter xml:space="preserve"><desc_sig_name classes="n n">options</desc_sig_name><desc_sig_operator classes="o o">=</desc_sig_operator><inline classes="default_value" support_smartquotes="False">{'eval_ins': False}</inline></desc_parameter><desc_parameter xml:space="preserve"><desc_sig_name classes="n n">position</desc_sig_name><desc_sig_operator classes="o o">=</desc_sig_operator><inline classes="default_value" support_smartquotes="False">'centroid'</inline></desc_parameter><desc_parameter xml:space="preserve"><desc_sig_name classes="n n">selection</desc_sig_name><desc_sig_operator classes="o o">=</desc_sig_operator><inline classes="default_value" support_smartquotes="False">'all'</inline></desc_parameter><desc_parameter xml:space="preserve"><desc_sig_name classes="n n">entity</desc_sig_name><desc_sig_operator classes="o o">=</desc_sig_operator><inline classes="default_value" support_smartquotes="False">None</inline></desc_parameter><desc_parameter xml:space="preserve"><desc_sig_name classes="n n">entities</desc_sig_name><desc_sig_operator classes="o o">=</desc_sig_operator><inline classes="default_value" support_smartquotes="False">None</inline></desc_parameter><desc_parameter xml:space="preserve"><desc_sig_name classes="n n">spot</desc_sig_name><desc_sig_operator classes="o o">=</desc_sig_operator><inline classes="default_value" support_smartquotes="False">None</inline></desc_parameter><desc_parameter xml:space="preserve"><desc_sig_name classes="n n">component</desc_sig_name><desc_sig_operator classes="o o">=</desc_sig_operator><inline classes="default_value" support_smartquotes="False">None</inline></desc_parameter><desc_parameter xml:space="preserve"><desc_sig_name classes="n n">rosette</desc_sig_name><desc_sig_operator classes="o o">=</desc_sig_operator><inline classes="default_value" support_smartquotes="False">None</inline></desc_parameter><desc_parameter xml:space="preserve"><desc_sig_name classes="n n">simulate</desc_sig_name><desc_sig_operator classes="o o">=</desc_sig_operator><inline classes="default_value" support_smartquotes="False">False</inline></desc_parameter><desc_parameter xml:space="preserve"><desc_sig_name classes="n n">solution_set</desc_sig_name><desc_sig_operator classes="o o">=</desc_sig_operator><inline classes="default_value" support_smartquotes="False">- 1</inline></desc_parameter></desc_parameterlist></desc_signature>
                        <desc_content>
                            <paragraph>Query results from the solution</paragraph>
                            <field_list>
                                <field>
                                    <field_name>Parameters</field_name>
                                    <field_body>
                                        <bullet_list bullet="-">
                                            <list_item>
                                                <definition_list>
                                                    <definition_list_item>
                                                        <term><title_reference>definition</title_reference></term>
                                                        <classifier>The postproc definition defines what results are evaluated. Can be given as</classifier>
                                                        <definition>
                                                            <paragraph>CombinedFailureCriteria object or as string such as
                                                                ‘strains’, ‘stresses’, ‘laminate_forces’, ‘deformations’, ‘temperatures’ or ‘progressive_damage’.</paragraph>
                                                        </definition>
                                                    </definition_list_item>
                                                </definition_list>
                                            </list_item>
                                            <list_item>
                                                <definition_list>
                                                    <definition_list_item>
                                                        <term><title_reference>options</title_reference></term>
                                                        <classifier>Dict with the additional options used to fully configure the definition.</classifier>
                                                        <definition>
                                                            <bullet_list bullet="-">
                                                                <list_item>
                                                                    <paragraph>stresses: options={“eval_ins”:True} to enable the interlaminar normal stress evaluation for shells</paragraph>
                                                                </list_item>
                                                            </bullet_list>
                                                        </definition>
                                                    </definition_list_item>
                                                </definition_list>
                                            </list_item>
                                            <list_item>
                                                <definition_list>
                                                    <definition_list_item>
                                                        <term><title_reference>position</title_reference></term>
                                                        <classifier>Position where data is queried:</classifier>
                                                        <definition>
                                                            <bullet_list bullet="-">
                                                                <list_item>
                                                                    <paragraph>nodal, centroid, element_nodal, integration_point or element_results</paragraph>
                                                                </list_item>
                                                            </bullet_list>
                                                        </definition>
                                                    </definition_list_item>
                                                </definition_list>
                                            </list_item>
                                            <list_item>
                                                <definition_list>
                                                    <definition_list_item>
                                                        <term><title_reference>selection</title_reference></term>
                                                        <classifier>The selection set determines the selected nodes and elements.</classifier>
                                                        <definition>
                                                            <paragraph>Can be given as string ‘sel0’ - ‘sel5’ or ‘all’
                                                                or can be given as ObjectSelection object such as model.selection or scene.active_set</paragraph>
                                                        </definition>
                                                    </definition_list_item>
                                                </definition_list>
                                            </list_item>
                                            <list_item>
                                                <definition_list>
                                                    <definition_list_item>
                                                        <term><title_reference>entity</title_reference></term>
                                                        <classifier>Entity for which results are evaluated.</classifier>
                                                        <definition>
                                                            <paragraph>Currently supported: Analysis ply or analysis ply vertex</paragraph>
                                                        </definition>
                                                    </definition_list_item>
                                                </definition_list>
                                            </list_item>
                                            <list_item>
                                                <paragraph><title_reference>entities</title_reference> : If a list of entities is given, the query will also compute and return a list of results, with one array for each entity.</paragraph>
                                            </list_item>
                                            <list_item>
                                                <paragraph><title_reference>spot</title_reference>: Used to identify bot, mid or top when querying layered shells</paragraph>
                                            </list_item>
                                            <list_item>
                                                <definition_list>
                                                    <definition_list_item>
                                                        <term><title_reference>component</title_reference>: Components to query. Valid components for</term>
                                                        <definition>
                                                            <bullet_list bullet="-">
                                                                <list_item>
                                                                    <paragraph>DEFORMATION
                                                                        - x, y, z, usum, rotx, roty, rotz -&gt; (nx1)
                                                                        - all -&gt; (nx6), translations, rotations -&gt; (nx3)</paragraph>
                                                                </list_item>
                                                                <list_item>
                                                                    <paragraph>STRAIN
                                                                        - e1, e2, e3, e12, e23, e13, eI, eII, eII, von_mises -&gt; (nx1)
                                                                        - all -&gt; (nx6), principals -&gt; (nx3)</paragraph>
                                                                </list_item>
                                                                <list_item>
                                                                    <paragraph>STRESS
                                                                        - s1, s2, s3, s12, s23, s13, sI, sII, sII -&gt; (nx1)
                                                                        - all -&gt; (nx6), principals -&gt; (nx3)</paragraph>
                                                                </list_item>
                                                                <list_item>
                                                                    <paragraph>FAILURE CRITERIA
                                                                        - irf (Inverse reserve factor), rf (Reserve factor), mos (Margin of safety) -&gt; (nx1)
                                                                        - fm (Failure mode) -&gt;(n x string(size&lt;=4))
                                                                        - li (Layer index)  -&gt;(n x 1) (Only available for element queries where no entity is given.)</paragraph>
                                                                </list_item>
                                                                <list_item>
                                                                    <paragraph>LAMINATE FORCES
                                                                        - all -&gt; (nx8)</paragraph>
                                                                </list_item>
                                                                <list_item>
                                                                    <paragraph>PROGRESSIVE DAMAGE
                                                                        - status (damage status), ft, fc (fiber tensile/compressive) -&gt;(nx1)
                                                                        - mt, mc (matrix tensile/compressive), s (shear) -&gt;(nx1)
                                                                        - sed (energy dissipated per unit volume), sedv (energy per unit volume due to viscous damping) -&gt;(nx1)</paragraph>
                                                                </list_item>
                                                            </bullet_list>
                                                        </definition>
                                                    </definition_list_item>
                                                </definition_list>
                                            </list_item>
                                            <list_item>
                                                <paragraph><title_reference>rosette</title_reference> : If a rosette is given, the results are evaluated with respect to this coordinate system (not recommended for non-linear results)</paragraph>
                                            </list_item>
                                            <list_item>
                                                <definition_list>
                                                    <definition_list_item>
                                                        <term><title_reference>simulate</title_reference></term>
                                                        <classifier>Whether the query is only simulated to test if it will return data.</classifier>
                                                        <definition>
                                                            <paragraph>If this flag is set the query(…) function will only return 0 or 1.</paragraph>
                                                        </definition>
                                                    </definition_list_item>
                                                </definition_list>
                                            </list_item>
                                            <list_item>
                                                <paragraph><title_reference>solution_set</title_reference> : Identifier of the queried solution. -1 identifies the last available Set.</paragraph>
                                            </list_item>
                                        </bullet_list>
                                    </field_body>
                                </field>
                                <field>
                                    <field_name>Usage</field_name>
                                    <field_body>
                                        <doctest_block classes="doctest" xml:space="preserve">&gt;&gt;&gt; solution.query(definition='laminate_forces',position='centroid',selection='sel0',component='all',rosette=model.rosetttes['Rosette.1'],solution_set=-1)
&gt;&gt;&gt; solution.query(definition=model.defintions['FailureCriteria'], position='centroid', selection='sel0', component='irf',solution_set=-1)
&gt;&gt;&gt; solution.query(definition='stresses', position='element_results', selection='sel0', component='s3',solution_set=-1)</doctest_block>
                                    </field_body>
                                </field>
                            </field_list>
                        </desc_content>
                    </desc>
                    <index entries="['single',\ 'read_stresses_strains()\ (compolyx.Solution\ property)',\ 'compolyx.Solution.read_stresses_strains',\ '',\ None]"></index>
                    <desc classes="py" desctype="method" domain="py" noindex="False" objtype="method">
                        <desc_signature class="Solution" fullname="Solution.read_stresses_strains" ids="compolyx.Solution.read_stresses_strains" module="compolyx"><desc_annotation xml:space="preserve">property </desc_annotation><desc_name xml:space="preserve">read_stresses_strains</desc_name></desc_signature>
                        <desc_content>
                            <paragraph>True if the stresses and strains are to be read from rst file. Only valid for ‘ansys:rst’ format.</paragraph>
                        </desc_content>
                    </desc>
                    <index entries="['single',\ 'recompute_iss_of_solids()\ (compolyx.Solution\ property)',\ 'compolyx.Solution.recompute_iss_of_solids',\ '',\ None]"></index>
                    <desc classes="py" desctype="method" domain="py" noindex="False" objtype="method">
                        <desc_signature class="Solution" fullname="Solution.recompute_iss_of_solids" ids="compolyx.Solution.recompute_iss_of_solids" module="compolyx"><desc_annotation xml:space="preserve">property </desc_annotation><desc_name xml:space="preserve">recompute_iss_of_solids</desc_name></desc_signature>
                        <desc_content>
                            <paragraph>Use laminate-based computation method to recalculate the interlaminar shear stress distribution.</paragraph>
                        </desc_content>
                    </desc>
                    <index entries="['single',\ 'renumbering_mapping_paths()\ (compolyx.Solution\ property)',\ 'compolyx.Solution.renumbering_mapping_paths',\ '',\ None]"></index>
                    <desc classes="py" desctype="method" domain="py" noindex="False" objtype="method">
                        <desc_signature class="Solution" fullname="Solution.renumbering_mapping_paths" ids="compolyx.Solution.renumbering_mapping_paths" module="compolyx"><desc_annotation xml:space="preserve">property </desc_annotation><desc_name xml:space="preserve">renumbering_mapping_paths</desc_name></desc_signature>
                        <desc_content>
                            <paragraph>Path of the assembly renumbering files.</paragraph>
                        </desc_content>
                    </desc>
                    <index entries="['single',\ 'serialize()\ (compolyx.Solution\ method)',\ 'compolyx.Solution.serialize',\ '',\ None]"></index>
                    <desc classes="py" desctype="method" domain="py" noindex="False" objtype="method">
                        <desc_signature class="Solution" fullname="Solution.serialize" ids="compolyx.Solution.serialize" module="compolyx"><desc_name xml:space="preserve">serialize</desc_name><desc_parameterlist xml:space="preserve"></desc_parameterlist></desc_signature>
                        <desc_content>
                            <paragraph>Serialize to Python string</paragraph>
                        </desc_content>
                    </desc>
                    <index entries="['single',\ 'set()\ (compolyx.Solution\ property)',\ 'compolyx.Solution.set',\ '',\ None]"></index>
                    <desc classes="py" desctype="method" domain="py" noindex="False" objtype="method">
                        <desc_signature class="Solution" fullname="Solution.set" ids="compolyx.Solution.set" module="compolyx"><desc_annotation xml:space="preserve">property </desc_annotation><desc_name xml:space="preserve">set</desc_name></desc_signature>
                        <desc_content>
                            <paragraph>Result set to be read. Only valid for ‘ansys:rst’ format.</paragraph>
                        </desc_content>
                    </desc>
                    <index entries="['single',\ 'solution_dict()\ (compolyx.Solution\ property)',\ 'compolyx.Solution.solution_dict',\ '',\ None]"></index>
                    <desc classes="py" desctype="method" domain="py" noindex="False" objtype="method">
                        <desc_signature class="Solution" fullname="Solution.solution_dict" ids="compolyx.Solution.solution_dict" module="compolyx"><desc_annotation xml:space="preserve">property </desc_annotation><desc_name xml:space="preserve">solution_dict</desc_name></desc_signature>
                        <desc_content>
                            <paragraph>The time or frequency dictionary used in the solution plots GUI.</paragraph>
                        </desc_content>
                    </desc>
                    <index entries="['single',\ 'subcase()\ (compolyx.Solution\ property)',\ 'compolyx.Solution.subcase',\ '',\ None]"></index>
                    <desc classes="py" desctype="method" domain="py" noindex="False" objtype="method">
                        <desc_signature class="Solution" fullname="Solution.subcase" ids="compolyx.Solution.subcase" module="compolyx"><desc_annotation xml:space="preserve">property </desc_annotation><desc_name xml:space="preserve">subcase</desc_name></desc_signature>
                        <desc_content>
                            <paragraph>Optional subcase to read. Only valid for ‘nastran:f06’ format. Becomes (False,0) if not defined.</paragraph>
                        </desc_content>
                    </desc>
                    <index entries="['single',\ 'time_or_frequency()\ (compolyx.Solution\ property)',\ 'compolyx.Solution.time_or_frequency',\ '',\ None]"></index>
                    <desc classes="py" desctype="method" domain="py" noindex="False" objtype="method">
                        <desc_signature class="Solution" fullname="Solution.time_or_frequency" ids="compolyx.Solution.time_or_frequency" module="compolyx"><desc_annotation xml:space="preserve">property </desc_annotation><desc_name xml:space="preserve">time_or_frequency</desc_name></desc_signature>
                        <desc_content>
                            <paragraph>The time or frequency associated with the active set.</paragraph>
                        </desc_content>
                    </desc>
                    <index entries="['single',\ 'use_felyx_to_compute_pp_results()\ (compolyx.Solution\ property)',\ 'compolyx.Solution.use_felyx_to_compute_pp_results',\ '',\ None]"></index>
                    <desc classes="py" desctype="method" domain="py" noindex="False" objtype="method">
                        <desc_signature class="Solution" fullname="Solution.use_felyx_to_compute_pp_results" ids="compolyx.Solution.use_felyx_to_compute_pp_results" module="compolyx"><desc_annotation xml:space="preserve">property </desc_annotation><desc_name xml:space="preserve">use_felyx_to_compute_pp_results</desc_name></desc_signature>
                        <desc_content>
                            <paragraph>True if the stresses and strains are to be computed by felyx. If the stresses and strains are read from rst file, nothing is computed.</paragraph>
                        </desc_content>
                    </desc>
                    <index entries="['single',\ 'use_solid_results()\ (compolyx.Solution\ property)',\ 'compolyx.Solution.use_solid_results',\ '',\ None]"></index>
                    <desc classes="py" desctype="method" domain="py" noindex="False" objtype="method">
                        <desc_signature class="Solution" fullname="Solution.use_solid_results" ids="compolyx.Solution.use_solid_results" module="compolyx"><desc_annotation xml:space="preserve">property </desc_annotation><desc_name xml:space="preserve">use_solid_results</desc_name></desc_signature>
                        <desc_content>
                            <paragraph>Allows to visualize the post-processing results of layered solid models on the ‘Layered Solid Reference Surface’.</paragraph>
                        </desc_content>
                    </desc>
                </desc_content>
            </desc>
        </section>
        <section ids="envelopesolution" names="envelopesolution">
            <title><reference internal="True" refid="compolyx.EnvelopeSolution" reftitle="compolyx.EnvelopeSolution"><literal classes="xref py py-class">EnvelopeSolution</literal></reference></title>
            <index entries="['single',\ 'EnvelopeSolution\ (class\ in\ compolyx)',\ 'compolyx.EnvelopeSolution',\ '',\ None]"></index>
            <desc classes="py" desctype="class" domain="py" noindex="False" objtype="class">
                <desc_signature class="" fullname="EnvelopeSolution" ids="compolyx.EnvelopeSolution" module="compolyx"><desc_annotation xml:space="preserve">class </desc_annotation><desc_addname xml:space="preserve">compolyx.</desc_addname><desc_name xml:space="preserve">EnvelopeSolution</desc_name><desc_parameterlist xml:space="preserve"><desc_parameter xml:space="preserve"><desc_sig_name classes="n n">graph</desc_sig_name></desc_parameter><desc_parameter xml:space="preserve"><desc_sig_name classes="n n">obj</desc_sig_name></desc_parameter><desc_parameter xml:space="preserve"><desc_sig_name classes="n n">parent</desc_sig_name><desc_sig_operator classes="o o">=</desc_sig_operator><inline classes="default_value" support_smartquotes="False">None</inline></desc_parameter></desc_parameterlist></desc_signature>
                <desc_content>
                    <index entries="['single',\ 'add_solution_set()\ (compolyx.EnvelopeSolution\ method)',\ 'compolyx.EnvelopeSolution.add_solution_set',\ '',\ None]"></index>
                    <desc classes="py" desctype="method" domain="py" noindex="False" objtype="method">
                        <desc_signature class="EnvelopeSolution" fullname="EnvelopeSolution.add_solution_set" ids="compolyx.EnvelopeSolution.add_solution_set" module="compolyx"><desc_name xml:space="preserve">add_solution_set</desc_name><desc_parameterlist xml:space="preserve"><desc_parameter xml:space="preserve"><desc_sig_name classes="n n">solution</desc_sig_name></desc_parameter><desc_parameter xml:space="preserve"><desc_sig_name classes="n n">sset</desc_sig_name><desc_sig_operator classes="o o">=</desc_sig_operator><inline classes="default_value" support_smartquotes="False">- 1</inline></desc_parameter></desc_parameterlist></desc_signature>
                        <desc_content>
                            <paragraph>Add solution set to solution sets of Envelope Solution</paragraph>
                            <field_list>
                                <field>
                                    <field_name>Parameters</field_name>
                                    <field_body>
                                        <bullet_list bullet="-">
                                            <list_item>
                                                <paragraph><title_reference>solution</title_reference>: Solution object</paragraph>
                                            </list_item>
                                            <list_item>
                                                <paragraph><title_reference>sset</title_reference>: Solution set (default: -1)</paragraph>
                                            </list_item>
                                        </bullet_list>
                                    </field_body>
                                </field>
                            </field_list>
                        </desc_content>
                    </desc>
                    <index entries="['single',\ 'clear_solution_sets()\ (compolyx.EnvelopeSolution\ method)',\ 'compolyx.EnvelopeSolution.clear_solution_sets',\ '',\ None]"></index>
                    <desc classes="py" desctype="method" domain="py" noindex="False" objtype="method">
                        <desc_signature class="EnvelopeSolution" fullname="EnvelopeSolution.clear_solution_sets" ids="compolyx.EnvelopeSolution.clear_solution_sets" module="compolyx"><desc_name xml:space="preserve">clear_solution_sets</desc_name><desc_parameterlist xml:space="preserve"></desc_parameterlist></desc_signature>
                        <desc_content>
                            <paragraph>Clear Solution Sets of Envelope Solution</paragraph>
                        </desc_content>
                    </desc>
                    <index entries="['single',\ 'enabled()\ (compolyx.EnvelopeSolution\ property)',\ 'compolyx.EnvelopeSolution.enabled',\ '',\ None]"></index>
                    <desc classes="py" desctype="method" domain="py" noindex="False" objtype="method">
                        <desc_signature class="EnvelopeSolution" fullname="EnvelopeSolution.enabled" ids="compolyx.EnvelopeSolution.enabled" module="compolyx"><desc_annotation xml:space="preserve">property </desc_annotation><desc_name xml:space="preserve">enabled</desc_name></desc_signature>
                        <desc_content>
                            <paragraph>Whether this object is currently enabled or not. Mainly defined through the current application mode pre or post.</paragraph>
                        </desc_content>
                    </desc>
                    <index entries="['single',\ 'remove_solution_set()\ (compolyx.EnvelopeSolution\ method)',\ 'compolyx.EnvelopeSolution.remove_solution_set',\ '',\ None]"></index>
                    <desc classes="py" desctype="method" domain="py" noindex="False" objtype="method">
                        <desc_signature class="EnvelopeSolution" fullname="EnvelopeSolution.remove_solution_set" ids="compolyx.EnvelopeSolution.remove_solution_set" module="compolyx"><desc_name xml:space="preserve">remove_solution_set</desc_name><desc_parameterlist xml:space="preserve"><desc_parameter xml:space="preserve"><desc_sig_name classes="n n">solution</desc_sig_name></desc_parameter><desc_parameter xml:space="preserve"><desc_sig_name classes="n n">sset</desc_sig_name><desc_sig_operator classes="o o">=</desc_sig_operator><inline classes="default_value" support_smartquotes="False">- 1</inline></desc_parameter></desc_parameterlist></desc_signature>
                        <desc_content>
                            <paragraph>Remove solution set from solution sets of Envelope Solution</paragraph>
                            <field_list>
                                <field>
                                    <field_name>Parameters</field_name>
                                    <field_body>
                                        <bullet_list bullet="-">
                                            <list_item>
                                                <paragraph><title_reference>solution</title_reference>: Solution object</paragraph>
                                            </list_item>
                                            <list_item>
                                                <paragraph><title_reference>sset</title_reference>: Solution set (default: -1)</paragraph>
                                            </list_item>
                                        </bullet_list>
                                    </field_body>
                                </field>
                            </field_list>
                        </desc_content>
                    </desc>
                </desc_content>
            </desc>
        </section>
    </section>
</document>
