<?xml version="1.0" encoding="utf-8"?>
<!DOCTYPE document PUBLIC "+//IDN docutils.sourceforge.net//DTD Docutils Generic//EN//XML" "http://docutils.sourceforge.net/docs/ref/docutils.dtd">
<!-- Generated by Docutils 0.16 -->
<document source="C:\ANSYSDev\tfs_agent\_work\645\s\felyx\doc\acp\user_doc\acp_module\classes_scene.txt">
    <section ids="scene-classes" names="scene\ classes">
        <title><reference internal="True" refid="compolyx.Scene" reftitle="compolyx.Scene"><literal classes="xref py py-class">Scene</literal></reference> Classes</title>
        <section ids="scene" names="scene">
            <title><reference internal="True" refid="compolyx.Scene" reftitle="compolyx.Scene"><literal classes="xref py py-class">Scene</literal></reference></title>
            <index entries="['single',\ 'Scene\ (class\ in\ compolyx)',\ 'compolyx.Scene',\ '',\ None]"></index>
            <desc classes="py" desctype="class" domain="py" noindex="False" objtype="class">
                <desc_signature class="" fullname="Scene" ids="compolyx.Scene" module="compolyx"><desc_annotation xml:space="preserve">class </desc_annotation><desc_addname xml:space="preserve">compolyx.</desc_addname><desc_name xml:space="preserve">Scene</desc_name><desc_parameterlist xml:space="preserve"><desc_parameter xml:space="preserve"><desc_sig_name classes="n n">graph</desc_sig_name></desc_parameter><desc_parameter xml:space="preserve"><desc_sig_name classes="n n">model</desc_sig_name><desc_sig_operator classes="o o">=</desc_sig_operator><inline classes="default_value" support_smartquotes="False">None</inline></desc_parameter><desc_parameter xml:space="preserve"><desc_sig_name classes="n n">name</desc_sig_name><desc_sig_operator classes="o o">=</desc_sig_operator><inline classes="default_value" support_smartquotes="False">''</inline></desc_parameter><desc_parameter xml:space="preserve"><desc_sig_name classes="n n">id</desc_sig_name><desc_sig_operator classes="o o">=</desc_sig_operator><inline classes="default_value" support_smartquotes="False">None</inline></desc_parameter><desc_parameter xml:space="preserve"><desc_sig_name classes="n n">title</desc_sig_name><desc_sig_operator classes="o o">=</desc_sig_operator><inline classes="default_value" support_smartquotes="False">''</inline></desc_parameter><desc_parameter xml:space="preserve"><desc_sig_name classes="n n">view</desc_sig_name><desc_sig_operator classes="o o">=</desc_sig_operator><inline classes="default_value" support_smartquotes="False">None</inline></desc_parameter><desc_parameter xml:space="preserve"><desc_sig_name classes="n n">parent</desc_sig_name><desc_sig_operator classes="o o">=</desc_sig_operator><inline classes="default_value" support_smartquotes="False">None</inline></desc_parameter><desc_parameter xml:space="preserve"><desc_sig_name classes="n n">active_set</desc_sig_name><desc_sig_operator classes="o o">=</desc_sig_operator><inline classes="default_value" support_smartquotes="False">None</inline></desc_parameter></desc_parameterlist></desc_signature>
                <desc_content>
                    <paragraph>Class to represent Scene</paragraph>
                    <index entries="['single',\ 'active_set()\ (compolyx.Scene\ property)',\ 'compolyx.Scene.active_set',\ '',\ None]"></index>
                    <desc classes="py" desctype="method" domain="py" noindex="False" objtype="method">
                        <desc_signature class="Scene" fullname="Scene.active_set" ids="compolyx.Scene.active_set" module="compolyx"><desc_annotation xml:space="preserve">property </desc_annotation><desc_name xml:space="preserve">active_set</desc_name></desc_signature>
                        <desc_content>
                            <paragraph>Set of active entities</paragraph>
                        </desc_content>
                    </desc>
                    <index entries="['single',\ 'background()\ (compolyx.Scene\ property)',\ 'compolyx.Scene.background',\ '',\ None]"></index>
                    <desc classes="py" desctype="method" domain="py" noindex="False" objtype="method">
                        <desc_signature class="Scene" fullname="Scene.background" ids="compolyx.Scene.background" module="compolyx"><desc_annotation xml:space="preserve">property </desc_annotation><desc_name xml:space="preserve">background</desc_name></desc_signature>
                        <desc_content>
                            <paragraph>Background color</paragraph>
                        </desc_content>
                    </desc>
                    <index entries="['single',\ 'background2()\ (compolyx.Scene\ property)',\ 'compolyx.Scene.background2',\ '',\ None]"></index>
                    <desc classes="py" desctype="method" domain="py" noindex="False" objtype="method">
                        <desc_signature class="Scene" fullname="Scene.background2" ids="compolyx.Scene.background2" module="compolyx"><desc_annotation xml:space="preserve">property </desc_annotation><desc_name xml:space="preserve">background2</desc_name></desc_signature>
                        <desc_content>
                            <paragraph>Background color 2</paragraph>
                        </desc_content>
                    </desc>
                    <index entries="['single',\ 'camera()\ (compolyx.Scene\ property)',\ 'compolyx.Scene.camera',\ '',\ None]"></index>
                    <desc classes="py" desctype="method" domain="py" noindex="False" objtype="method">
                        <desc_signature class="Scene" fullname="Scene.camera" ids="compolyx.Scene.camera" module="compolyx"><desc_annotation xml:space="preserve">property </desc_annotation><desc_name xml:space="preserve">camera</desc_name></desc_signature>
                        <desc_content>
                            <paragraph>Camera settings</paragraph>
                        </desc_content>
                    </desc>
                    <index entries="['single',\ 'changed()\ (compolyx.Scene\ property)',\ 'compolyx.Scene.changed',\ '',\ None]"></index>
                    <desc classes="py" desctype="method" domain="py" noindex="False" objtype="method">
                        <desc_signature class="Scene" fullname="Scene.changed" ids="compolyx.Scene.changed" module="compolyx"><desc_annotation xml:space="preserve">property </desc_annotation><desc_name xml:space="preserve">changed</desc_name></desc_signature>
                        <desc_content>
                            <paragraph>Status boolean. Set to true if the underlying data has been changed. Write only property</paragraph>
                        </desc_content>
                    </desc>
                    <index entries="['single',\ 'descriptions_changed()\ (compolyx.Scene\ property)',\ 'compolyx.Scene.descriptions_changed',\ '',\ None]"></index>
                    <desc classes="py" desctype="method" domain="py" noindex="False" objtype="method">
                        <desc_signature class="Scene" fullname="Scene.descriptions_changed" ids="compolyx.Scene.descriptions_changed" module="compolyx"><desc_annotation xml:space="preserve">property </desc_annotation><desc_name xml:space="preserve">descriptions_changed</desc_name></desc_signature>
                        <desc_content>
                            <paragraph>Set to True if descriptions should be updated.</paragraph>
                        </desc_content>
                    </desc>
                    <index entries="['single',\ 'fit_to_window()\ (compolyx.Scene\ property)',\ 'compolyx.Scene.fit_to_window',\ '',\ None]"></index>
                    <desc classes="py" desctype="method" domain="py" noindex="False" objtype="method">
                        <desc_signature class="Scene" fullname="Scene.fit_to_window" ids="compolyx.Scene.fit_to_window" module="compolyx"><desc_annotation xml:space="preserve">property </desc_annotation><desc_name xml:space="preserve">fit_to_window</desc_name></desc_signature>
                        <desc_content>
                            <paragraph>Reset the zoom of the window</paragraph>
                        </desc_content>
                    </desc>
                    <index entries="['single',\ 'foreground()\ (compolyx.Scene\ property)',\ 'compolyx.Scene.foreground',\ '',\ None]"></index>
                    <desc classes="py" desctype="method" domain="py" noindex="False" objtype="method">
                        <desc_signature class="Scene" fullname="Scene.foreground" ids="compolyx.Scene.foreground" module="compolyx"><desc_annotation xml:space="preserve">property </desc_annotation><desc_name xml:space="preserve">foreground</desc_name></desc_signature>
                        <desc_content>
                            <paragraph>Foreground color</paragraph>
                        </desc_content>
                    </desc>
                    <index entries="['single',\ 'logo_type()\ (compolyx.Scene\ property)',\ 'compolyx.Scene.logo_type',\ '',\ None]"></index>
                    <desc classes="py" desctype="method" domain="py" noindex="False" objtype="method">
                        <desc_signature class="Scene" fullname="Scene.logo_type" ids="compolyx.Scene.logo_type" module="compolyx"><desc_annotation xml:space="preserve">property </desc_annotation><desc_name xml:space="preserve">logo_type</desc_name></desc_signature>
                        <desc_content>
                            <paragraph>Logo type: default or black</paragraph>
                        </desc_content>
                    </desc>
                    <index entries="['single',\ 'mode()\ (compolyx.Scene\ property)',\ 'compolyx.Scene.mode',\ '',\ None]"></index>
                    <desc classes="py" desctype="method" domain="py" noindex="False" objtype="method">
                        <desc_signature class="Scene" fullname="Scene.mode" ids="compolyx.Scene.mode" module="compolyx"><desc_annotation xml:space="preserve">property </desc_annotation><desc_name xml:space="preserve">mode</desc_name></desc_signature>
                        <desc_content>
                            <paragraph>Current ACP mode (pre or post).</paragraph>
                        </desc_content>
                    </desc>
                    <index entries="['single',\ 'projection()\ (compolyx.Scene\ property)',\ 'compolyx.Scene.projection',\ '',\ None]"></index>
                    <desc classes="py" desctype="method" domain="py" noindex="False" objtype="method">
                        <desc_signature class="Scene" fullname="Scene.projection" ids="compolyx.Scene.projection" module="compolyx"><desc_annotation xml:space="preserve">property </desc_annotation><desc_name xml:space="preserve">projection</desc_name></desc_signature>
                        <desc_content>
                            <paragraph>Projection method: ‘parallel’ or ‘perspective’</paragraph>
                        </desc_content>
                    </desc>
                    <index entries="['single',\ 'save_snapshot()\ (compolyx.Scene\ method)',\ 'compolyx.Scene.save_snapshot',\ '',\ None]"></index>
                    <desc classes="py" desctype="method" domain="py" noindex="False" objtype="method">
                        <desc_signature class="Scene" fullname="Scene.save_snapshot" ids="compolyx.Scene.save_snapshot" module="compolyx"><desc_name xml:space="preserve">save_snapshot</desc_name><desc_parameterlist xml:space="preserve"><desc_parameter xml:space="preserve"><desc_sig_name classes="n n">path</desc_sig_name></desc_parameter><desc_parameter xml:space="preserve"><desc_sig_name classes="n n">width</desc_sig_name><desc_sig_operator classes="o o">=</desc_sig_operator><inline classes="default_value" support_smartquotes="False">None</inline></desc_parameter><desc_parameter xml:space="preserve"><desc_sig_name classes="n n">height</desc_sig_name><desc_sig_operator classes="o o">=</desc_sig_operator><inline classes="default_value" support_smartquotes="False">None</inline></desc_parameter><desc_parameter xml:space="preserve"><desc_sig_name classes="n n">draw_background</desc_sig_name><desc_sig_operator classes="o o">=</desc_sig_operator><inline classes="default_value" support_smartquotes="False">False</inline></desc_parameter></desc_parameterlist></desc_signature>
                        <desc_content>
                            <paragraph>Create a snapshot of the scene</paragraph>
                            <field_list>
                                <field>
                                    <field_name>Parameters</field_name>
                                    <field_body>
                                        <bullet_list bullet="-">
                                            <list_item>
                                                <paragraph><title_reference>path</title_reference>: File path</paragraph>
                                            </list_item>
                                            <list_item>
                                                <paragraph><title_reference>width</title_reference>: Width in pixels of the snapshot</paragraph>
                                            </list_item>
                                            <list_item>
                                                <paragraph><title_reference>height</title_reference>: Height in pixels of the snapshot</paragraph>
                                            </list_item>
                                            <list_item>
                                                <paragraph><title_reference>draw_background</title_reference>: Boolean whether to draw the background or not. If false, the background is white.</paragraph>
                                            </list_item>
                                        </bullet_list>
                                    </field_body>
                                </field>
                            </field_list>
                        </desc_content>
                    </desc>
                    <index entries="['single',\ 'scale_factor()\ (compolyx.Scene\ property)',\ 'compolyx.Scene.scale_factor',\ '',\ None]"></index>
                    <desc classes="py" desctype="method" domain="py" noindex="False" objtype="method">
                        <desc_signature class="Scene" fullname="Scene.scale_factor" ids="compolyx.Scene.scale_factor" module="compolyx"><desc_annotation xml:space="preserve">property </desc_annotation><desc_name xml:space="preserve">scale_factor</desc_name></desc_signature>
                        <desc_content>
                            <paragraph>Scale factor of the deformed mesh.</paragraph>
                        </desc_content>
                    </desc>
                    <index entries="['single',\ 'serialize()\ (compolyx.Scene\ method)',\ 'compolyx.Scene.serialize',\ '',\ None]"></index>
                    <desc classes="py" desctype="method" domain="py" noindex="False" objtype="method">
                        <desc_signature class="Scene" fullname="Scene.serialize" ids="compolyx.Scene.serialize" module="compolyx"><desc_name xml:space="preserve">serialize</desc_name><desc_parameterlist xml:space="preserve"></desc_parameterlist></desc_signature>
                        <desc_content>
                            <paragraph>Serialize to Python string</paragraph>
                        </desc_content>
                    </desc>
                    <index entries="['single',\ 'show_element_type()\ (compolyx.Scene\ property)',\ 'compolyx.Scene.show_element_type',\ '',\ None]"></index>
                    <desc classes="py" desctype="method" domain="py" noindex="False" objtype="method">
                        <desc_signature class="Scene" fullname="Scene.show_element_type" ids="compolyx.Scene.show_element_type" module="compolyx"><desc_annotation xml:space="preserve">property </desc_annotation><desc_name xml:space="preserve">show_element_type</desc_name></desc_signature>
                        <desc_content>
                            <paragraph>Highlight “shell” or “solid” elements, or use “automatic” to select solid elements if the object belongs to a solid model.Note: Only analysis plies have solid elements. Shell elements are highlighted for modeling and production plies.</paragraph>
                        </desc_content>
                    </desc>
                    <index entries="['single',\ 'show_global_coordinate_system()\ (compolyx.Scene\ property)',\ 'compolyx.Scene.show_global_coordinate_system',\ '',\ None]"></index>
                    <desc classes="py" desctype="method" domain="py" noindex="False" objtype="method">
                        <desc_signature class="Scene" fullname="Scene.show_global_coordinate_system" ids="compolyx.Scene.show_global_coordinate_system" module="compolyx"><desc_annotation xml:space="preserve">property </desc_annotation><desc_name xml:space="preserve">show_global_coordinate_system</desc_name></desc_signature>
                        <desc_content>
                            <paragraph>Toggle visibility of global coordinate system marker</paragraph>
                        </desc_content>
                    </desc>
                    <index entries="['single',\ 'show_labeled_bounding_box()\ (compolyx.Scene\ property)',\ 'compolyx.Scene.show_labeled_bounding_box',\ '',\ None]"></index>
                    <desc classes="py" desctype="method" domain="py" noindex="False" objtype="method">
                        <desc_signature class="Scene" fullname="Scene.show_labeled_bounding_box" ids="compolyx.Scene.show_labeled_bounding_box" module="compolyx"><desc_annotation xml:space="preserve">property </desc_annotation><desc_name xml:space="preserve">show_labeled_bounding_box</desc_name></desc_signature>
                        <desc_content>
                            <paragraph>Toggle visibility of labeled bounding box</paragraph>
                        </desc_content>
                    </desc>
                    <index entries="['single',\ 'show_selected_mesh()\ (compolyx.Scene\ property)',\ 'compolyx.Scene.show_selected_mesh',\ '',\ None]"></index>
                    <desc classes="py" desctype="method" domain="py" noindex="False" objtype="method">
                        <desc_signature class="Scene" fullname="Scene.show_selected_mesh" ids="compolyx.Scene.show_selected_mesh" module="compolyx"><desc_annotation xml:space="preserve">property </desc_annotation><desc_name xml:space="preserve">show_selected_mesh</desc_name></desc_signature>
                        <desc_content>
                            <paragraph>Specify whether to show/highlight currently selected Elements</paragraph>
                        </desc_content>
                    </desc>
                    <index entries="['single',\ 'show_silhouette()\ (compolyx.Scene\ property)',\ 'compolyx.Scene.show_silhouette',\ '',\ None]"></index>
                    <desc classes="py" desctype="method" domain="py" noindex="False" objtype="method">
                        <desc_signature class="Scene" fullname="Scene.show_silhouette" ids="compolyx.Scene.show_silhouette" module="compolyx"><desc_annotation xml:space="preserve">property </desc_annotation><desc_name xml:space="preserve">show_silhouette</desc_name></desc_signature>
                        <desc_content>
                            <paragraph>Whether to show the silhouette of currently selected elements</paragraph>
                        </desc_content>
                    </desc>
                    <index entries="['single',\ 'status()\ (compolyx.Scene\ property)',\ 'compolyx.Scene.status',\ '',\ None]"></index>
                    <desc classes="py" desctype="method" domain="py" noindex="False" objtype="method">
                        <desc_signature class="Scene" fullname="Scene.status" ids="compolyx.Scene.status" module="compolyx"><desc_annotation xml:space="preserve">property </desc_annotation><desc_name xml:space="preserve">status</desc_name></desc_signature>
                        <desc_content>
                            <paragraph>Status of the object</paragraph>
                        </desc_content>
                    </desc>
                    <index entries="['single',\ 'title()\ (compolyx.Scene\ property)',\ 'compolyx.Scene.title',\ '',\ None]"></index>
                    <desc classes="py" desctype="method" domain="py" noindex="False" objtype="method">
                        <desc_signature class="Scene" fullname="Scene.title" ids="compolyx.Scene.title" module="compolyx"><desc_annotation xml:space="preserve">property </desc_annotation><desc_name xml:space="preserve">title</desc_name></desc_signature>
                        <desc_content>
                            <paragraph>Scene title</paragraph>
                        </desc_content>
                    </desc>
                    <index entries="['single',\ 'update_direction_display_data()\ (compolyx.Scene\ method)',\ 'compolyx.Scene.update_direction_display_data',\ '',\ None]"></index>
                    <desc classes="py" desctype="method" domain="py" noindex="False" objtype="method">
                        <desc_signature class="Scene" fullname="Scene.update_direction_display_data" ids="compolyx.Scene.update_direction_display_data" module="compolyx"><desc_name xml:space="preserve">update_direction_display_data</desc_name><desc_parameterlist xml:space="preserve"><desc_parameter xml:space="preserve"><desc_sig_name classes="n n">entities</desc_sig_name></desc_parameter></desc_parameterlist></desc_signature>
                        <desc_content>
                            <paragraph>Function syncronizes the following direction plots with the added/removed entities given:
                                - “orientations”
                                - “ref_directions”
                                - “fiber_directions”
                                - “draped_fiber_directions”</paragraph>
                        </desc_content>
                    </desc>
                    <index entries="['single',\ 'uptodate()\ (compolyx.Scene\ property)',\ 'compolyx.Scene.uptodate',\ '',\ None]"></index>
                    <desc classes="py" desctype="method" domain="py" noindex="False" objtype="method">
                        <desc_signature class="Scene" fullname="Scene.uptodate" ids="compolyx.Scene.uptodate" module="compolyx"><desc_annotation xml:space="preserve">property </desc_annotation><desc_name xml:space="preserve">uptodate</desc_name></desc_signature>
                        <desc_content>
                            <paragraph>Apply a view to the scene. Write only</paragraph>
                        </desc_content>
                    </desc>
                    <index entries="['single',\ 'view()\ (compolyx.Scene\ property)',\ 'compolyx.Scene.view',\ '',\ None]"></index>
                    <desc classes="py" desctype="method" domain="py" noindex="False" objtype="method">
                        <desc_signature class="Scene" fullname="Scene.view" ids="compolyx.Scene.view" module="compolyx"><desc_annotation xml:space="preserve">property </desc_annotation><desc_name xml:space="preserve">view</desc_name></desc_signature>
                        <desc_content>
                            <paragraph>Apply a view to the scene.</paragraph>
                        </desc_content>
                    </desc>
                </desc_content>
            </desc>
        </section>
        <section ids="view" names="view">
            <title><reference internal="True" refid="compolyx.View" reftitle="compolyx.View"><literal classes="xref py py-class">View</literal></reference></title>
            <index entries="['single',\ 'View\ (class\ in\ compolyx)',\ 'compolyx.View',\ '',\ None]"></index>
            <desc classes="py" desctype="class" domain="py" noindex="False" objtype="class">
                <desc_signature class="" fullname="View" ids="compolyx.View" module="compolyx"><desc_annotation xml:space="preserve">class </desc_annotation><desc_addname xml:space="preserve">compolyx.</desc_addname><desc_name xml:space="preserve">View</desc_name><desc_parameterlist xml:space="preserve"><desc_parameter xml:space="preserve"><desc_sig_name classes="n n">name</desc_sig_name></desc_parameter><desc_parameter xml:space="preserve"><desc_sig_name classes="n n">position</desc_sig_name><desc_sig_operator classes="o o">=</desc_sig_operator><inline classes="default_value" support_smartquotes="False">0.0, 0.0, 0.0</inline></desc_parameter><desc_parameter xml:space="preserve"><desc_sig_name classes="n n">orientation</desc_sig_name><desc_sig_operator classes="o o">=</desc_sig_operator><inline classes="default_value" support_smartquotes="False">0.0, 0.0, 0.0</inline></desc_parameter><desc_parameter xml:space="preserve"><desc_sig_name classes="n n">rotation_point</desc_sig_name><desc_sig_operator classes="o o">=</desc_sig_operator><inline classes="default_value" support_smartquotes="False">0.0, 0.0, 0.0</inline></desc_parameter><desc_parameter xml:space="preserve"><desc_sig_name classes="n n">parallel_scale</desc_sig_name><desc_sig_operator classes="o o">=</desc_sig_operator><inline classes="default_value" support_smartquotes="False">1.0</inline></desc_parameter><desc_parameter xml:space="preserve"><desc_sig_name classes="n n">projection</desc_sig_name><desc_sig_operator classes="o o">=</desc_sig_operator><inline classes="default_value" support_smartquotes="False">'perspective'</inline></desc_parameter><desc_parameter xml:space="preserve"><desc_sig_name classes="n n">locked</desc_sig_name><desc_sig_operator classes="o o">=</desc_sig_operator><inline classes="default_value" support_smartquotes="False">False</inline></desc_parameter><desc_parameter xml:space="preserve"><desc_sig_name classes="n n">parent</desc_sig_name><desc_sig_operator classes="o o">=</desc_sig_operator><inline classes="default_value" support_smartquotes="False">None</inline></desc_parameter></desc_parameterlist></desc_signature>
                <desc_content>
                    <paragraph>ComPoLyX class to capture view properties.</paragraph>
                    <paragraph>Access:</paragraph>
                    <doctest_block classes="doctest" xml:space="preserve">&gt;&gt;&gt; import compolyx
&gt;&gt;&gt; db = compolyx.DB()
&gt;&gt;&gt; view1 = db.create_view(name='View.1', position=[1.5, 5.75, 7.], orientation=[-0.4, -0.4, 0.8], rotation_point=[-6.0, 0.6, 0.75], projection='perspective')</doctest_block>
                    <index entries="['single',\ 'locked()\ (compolyx.View\ property)',\ 'compolyx.View.locked',\ '',\ None]"></index>
                    <desc classes="py" desctype="method" domain="py" noindex="False" objtype="method">
                        <desc_signature class="View" fullname="View.locked" ids="compolyx.View.locked" module="compolyx"><desc_annotation xml:space="preserve">property </desc_annotation><desc_name xml:space="preserve">locked</desc_name></desc_signature>
                        <desc_content>
                            <paragraph>A View which is imported from an other source can not be modified.</paragraph>
                        </desc_content>
                    </desc>
                    <index entries="['single',\ 'orientation()\ (compolyx.View\ property)',\ 'compolyx.View.orientation',\ '',\ None]"></index>
                    <desc classes="py" desctype="method" domain="py" noindex="False" objtype="method">
                        <desc_signature class="View" fullname="View.orientation" ids="compolyx.View.orientation" module="compolyx"><desc_annotation xml:space="preserve">property </desc_annotation><desc_name xml:space="preserve">orientation</desc_name></desc_signature>
                        <desc_content>
                            <paragraph>Get/set the view orientation</paragraph>
                        </desc_content>
                    </desc>
                    <index entries="['single',\ 'parallel_scale()\ (compolyx.View\ property)',\ 'compolyx.View.parallel_scale',\ '',\ None]"></index>
                    <desc classes="py" desctype="method" domain="py" noindex="False" objtype="method">
                        <desc_signature class="View" fullname="View.parallel_scale" ids="compolyx.View.parallel_scale" module="compolyx"><desc_annotation xml:space="preserve">property </desc_annotation><desc_name xml:space="preserve">parallel_scale</desc_name></desc_signature>
                        <desc_content>
                            <paragraph>Get/set the view parallel perspective scale factor.</paragraph>
                        </desc_content>
                    </desc>
                    <index entries="['single',\ 'position()\ (compolyx.View\ property)',\ 'compolyx.View.position',\ '',\ None]"></index>
                    <desc classes="py" desctype="method" domain="py" noindex="False" objtype="method">
                        <desc_signature class="View" fullname="View.position" ids="compolyx.View.position" module="compolyx"><desc_annotation xml:space="preserve">property </desc_annotation><desc_name xml:space="preserve">position</desc_name></desc_signature>
                        <desc_content>
                            <paragraph>Get/set the view position</paragraph>
                        </desc_content>
                    </desc>
                    <index entries="['single',\ 'projection()\ (compolyx.View\ property)',\ 'compolyx.View.projection',\ '',\ None]"></index>
                    <desc classes="py" desctype="method" domain="py" noindex="False" objtype="method">
                        <desc_signature class="View" fullname="View.projection" ids="compolyx.View.projection" module="compolyx"><desc_annotation xml:space="preserve">property </desc_annotation><desc_name xml:space="preserve">projection</desc_name></desc_signature>
                        <desc_content>
                            <paragraph>Get/set the projection method parallel or perspective</paragraph>
                        </desc_content>
                    </desc>
                    <index entries="['single',\ 'rotation_point()\ (compolyx.View\ property)',\ 'compolyx.View.rotation_point',\ '',\ None]"></index>
                    <desc classes="py" desctype="method" domain="py" noindex="False" objtype="method">
                        <desc_signature class="View" fullname="View.rotation_point" ids="compolyx.View.rotation_point" module="compolyx"><desc_annotation xml:space="preserve">property </desc_annotation><desc_name xml:space="preserve">rotation_point</desc_name></desc_signature>
                        <desc_content>
                            <paragraph>Get/set the view rotation point.</paragraph>
                        </desc_content>
                    </desc>
                    <index entries="['single',\ 'serialize()\ (compolyx.View\ method)',\ 'compolyx.View.serialize',\ '',\ None]"></index>
                    <desc classes="py" desctype="method" domain="py" noindex="False" objtype="method">
                        <desc_signature class="View" fullname="View.serialize" ids="compolyx.View.serialize" module="compolyx"><desc_name xml:space="preserve">serialize</desc_name><desc_parameterlist xml:space="preserve"></desc_parameterlist></desc_signature>
                        <desc_content>
                            <paragraph>Serialize to Python string</paragraph>
                        </desc_content>
                    </desc>
                </desc_content>
            </desc>
        </section>
    </section>
</document>
