<?xml version="1.0" encoding="utf-8"?>
<!DOCTYPE document PUBLIC "+//IDN docutils.sourceforge.net//DTD Docutils Generic//EN//XML" "http://docutils.sourceforge.net/docs/ref/docutils.dtd">
<!-- Generated by Docutils 0.16 -->
<document source="C:\ANSYSDev\tfs_agent\_work\645\s\felyx\doc\acp\user_doc\acp_module\contents.txt">
    <section ids="the-acp-python-scripting-user-interface" names="the\ acp\ python\ scripting\ user\ interface">
        <title>The <literal classes="xref py py-mod">ACP</literal> Python Scripting User Interface</title>
        <paragraph>The ACP Python Module provides the scripting user interface of ACP.</paragraph>
        <compound classes="toctree-wrapper">
            <compact_paragraph toctree="True"><bullet_list><list_item classes="toctree-l1"><compact_paragraph classes="toctree-l1"><reference anchorname="" internal="True" refuri="getting_started_acp" secnumber="1">Introduction to ACP Scripting</reference></compact_paragraph></list_item><list_item classes="toctree-l1"><compact_paragraph classes="toctree-l1"><reference anchorname="" internal="True" refuri="python_object_tree" secnumber="2">The Python Object Tree</reference></compact_paragraph></list_item><list_item classes="toctree-l1"><compact_paragraph classes="toctree-l1"><reference anchorname="" internal="True" refuri="db_database" secnumber="3"><literal classes="xref py py-class">DB</literal> Database</reference></compact_paragraph></list_item><list_item classes="toctree-l1"><compact_paragraph classes="toctree-l1"><reference anchorname="" internal="True" refuri="classes_materialdata" secnumber="4"><literal classes="xref py py-class">Material</literal> Classes</reference></compact_paragraph></list_item><list_item classes="toctree-l1"><compact_paragraph classes="toctree-l1"><reference anchorname="" internal="True" refuri="classes_model" secnumber="5"><literal classes="xref py py-class">Model</literal> Classes</reference></compact_paragraph></list_item><list_item classes="toctree-l1"><compact_paragraph classes="toctree-l1"><reference anchorname="" internal="True" refuri="classes_solid_model" secnumber="6"><literal classes="xref py py-class">Solid-model</literal> Classes</reference></compact_paragraph></list_item><list_item classes="toctree-l1"><compact_paragraph classes="toctree-l1"><reference anchorname="" internal="True" refuri="classes_solution" secnumber="7"><literal classes="xref py py-class">Solution</literal> Classes</reference></compact_paragraph></list_item><list_item classes="toctree-l1"><compact_paragraph classes="toctree-l1"><reference anchorname="" internal="True" refuri="classes_scene" secnumber="8"><literal classes="xref py py-class">Scene</literal> Classes</reference></compact_paragraph></list_item><list_item classes="toctree-l1"><compact_paragraph classes="toctree-l1"><reference anchorname="" internal="True" refuri="classes_postprocessing_definitions" secnumber="9"><literal classes="xref py py-class">Postprocessing Definition</literal> Classes</reference></compact_paragraph></list_item><list_item classes="toctree-l1"><compact_paragraph classes="toctree-l1"><reference anchorname="" internal="True" refuri="classes_plot" secnumber="10"><literal classes="xref py py-class">Plot</literal> Classes</reference></compact_paragraph></list_item></bullet_list></compact_paragraph>
        </compound>
    </section>
</document>
