<?xml version="1.0" encoding="utf-8"?>
<!DOCTYPE document PUBLIC "+//IDN docutils.sourceforge.net//DTD Docutils Generic//EN//XML" "http://docutils.sourceforge.net/docs/ref/docutils.dtd">
<!-- Generated by Docutils 0.16 -->
<document source="C:\ANSYSDev\tfs_agent\_work\645\s\felyx\doc\acp\user_doc\acp_module\db_database.txt">
    <section ids="db-database" names="db\ database">
        <title><reference internal="True" refid="compolyx.DB" reftitle="compolyx.DB"><literal classes="xref py py-class">DB</literal></reference> Database</title>
        <index entries="['single',\ 'DB\ (class\ in\ compolyx)',\ 'compolyx.DB',\ '',\ None]"></index>
        <desc classes="py" desctype="class" domain="py" noindex="False" objtype="class">
            <desc_signature class="" fullname="DB" ids="compolyx.DB" module="compolyx"><desc_annotation xml:space="preserve">class </desc_annotation><desc_addname xml:space="preserve">compolyx.</desc_addname><desc_name xml:space="preserve">DB</desc_name><desc_parameterlist xml:space="preserve"><desc_parameter xml:space="preserve"><desc_sig_operator classes="o o">*</desc_sig_operator><desc_sig_name classes="n n">args</desc_sig_name></desc_parameter><desc_parameter xml:space="preserve"><desc_sig_operator classes="o o">**</desc_sig_operator><desc_sig_name classes="n n">kwargs</desc_sig_name></desc_parameter></desc_parameterlist></desc_signature>
            <desc_content>
                <paragraph>Class to represent ComPoLyX database</paragraph>
                <paragraph>Access:</paragraph>
                <doctest_block classes="doctest" xml:space="preserve">&gt;&gt;&gt; import compolyx
&gt;&gt;&gt; db = compolyx.DB()</doctest_block>
                <index entries="['single',\ 'active_model()\ (compolyx.DB\ property)',\ 'compolyx.DB.active_model',\ '',\ None]"></index>
                <desc classes="py" desctype="method" domain="py" noindex="False" objtype="method">
                    <desc_signature class="DB" fullname="DB.active_model" ids="compolyx.DB.active_model" module="compolyx"><desc_annotation xml:space="preserve">property </desc_annotation><desc_name xml:space="preserve">active_model</desc_name></desc_signature>
                    <desc_content>
                        <paragraph>Active model</paragraph>
                    </desc_content>
                </desc>
                <index entries="['single',\ 'clear()\ (compolyx.DB\ method)',\ 'compolyx.DB.clear',\ '',\ None]"></index>
                <desc classes="py" desctype="method" domain="py" noindex="False" objtype="method">
                    <desc_signature class="DB" fullname="DB.clear" ids="compolyx.DB.clear" module="compolyx"><desc_name xml:space="preserve">clear</desc_name><desc_parameterlist xml:space="preserve"></desc_parameterlist></desc_signature>
                    <desc_content>
                        <paragraph>Clear database</paragraph>
                    </desc_content>
                </desc>
                <index entries="['single',\ 'clear_generated_data()\ (compolyx.DB\ method)',\ 'compolyx.DB.clear_generated_data',\ '',\ None]"></index>
                <desc classes="py" desctype="method" domain="py" noindex="False" objtype="method">
                    <desc_signature class="DB" fullname="DB.clear_generated_data" ids="compolyx.DB.clear_generated_data" module="compolyx"><desc_name xml:space="preserve">clear_generated_data</desc_name><desc_parameterlist xml:space="preserve"><desc_parameter xml:space="preserve"><desc_sig_name classes="n n">model</desc_sig_name><desc_sig_operator classes="o o">=</desc_sig_operator><inline classes="default_value" support_smartquotes="False">None</inline></desc_parameter></desc_parameterlist></desc_signature>
                    <desc_content>
                        <paragraph>Function clears the eventually stored update results and deletes the generated data such as
                            Production and Analysis Plies, Solid Models etc.</paragraph>
                        <field_list>
                            <field>
                                <field_name>Parameters</field_name>
                                <field_body>
                                    <paragraph>-<title_reference>model</title_reference>: the ACP model to be cleared</paragraph>
                                </field_body>
                            </field>
                        </field_list>
                    </desc_content>
                </desc>
                <index entries="['single',\ 'close()\ (compolyx.DB\ method)',\ 'compolyx.DB.close',\ '',\ None]"></index>
                <desc classes="py" desctype="method" domain="py" noindex="False" objtype="method">
                    <desc_signature class="DB" fullname="DB.close" ids="compolyx.DB.close" module="compolyx"><desc_name xml:space="preserve">close</desc_name><desc_parameterlist xml:space="preserve"><desc_parameter xml:space="preserve"><desc_sig_name classes="n n">model</desc_sig_name><desc_sig_operator classes="o o">=</desc_sig_operator><inline classes="default_value" support_smartquotes="False">None</inline></desc_parameter></desc_parameterlist></desc_signature>
                    <desc_content>
                        <paragraph>Close model</paragraph>
                        <field_list>
                            <field>
                                <field_name>Parameters</field_name>
                                <field_body>
                                    <bullet_list bullet="-">
                                        <list_item>
                                            <paragraph><title_reference>model</title_reference>: model to close (optional) if no model is given all models were closed</paragraph>
                                        </list_item>
                                    </bullet_list>
                                </field_body>
                            </field>
                        </field_list>
                    </desc_content>
                </desc>
                <index entries="['single',\ 'import_model()\ (compolyx.DB\ method)',\ 'compolyx.DB.import_model',\ '',\ None]"></index>
                <desc classes="py" desctype="method" domain="py" noindex="False" objtype="method">
                    <desc_signature class="DB" fullname="DB.import_model" ids="compolyx.DB.import_model" module="compolyx"><desc_name xml:space="preserve">import_model</desc_name><desc_parameterlist xml:space="preserve"><desc_parameter xml:space="preserve"><desc_sig_name classes="n n">name</desc_sig_name></desc_parameter><desc_parameter xml:space="preserve"><desc_sig_name classes="n n">path</desc_sig_name></desc_parameter><desc_parameter xml:space="preserve"><desc_sig_name classes="n n">format</desc_sig_name></desc_parameter><desc_parameter xml:space="preserve"><desc_sig_name classes="n n">ignored_entities</desc_sig_name><desc_sig_operator classes="o o">=</desc_sig_operator><inline classes="default_value" support_smartquotes="False">None</inline></desc_parameter><desc_parameter xml:space="preserve"><desc_sig_name classes="n n">convert_section_data</desc_sig_name><desc_sig_operator classes="o o">=</desc_sig_operator><inline classes="default_value" support_smartquotes="False">None</inline></desc_parameter><desc_parameter xml:space="preserve"><desc_sig_name classes="n n">unit_system_type</desc_sig_name><desc_sig_operator classes="o o">=</desc_sig_operator><inline classes="default_value" support_smartquotes="False">None</inline></desc_parameter><desc_parameter xml:space="preserve"><desc_sig_name classes="n n">reference_surface_input_unit_system_type</desc_sig_name><desc_sig_operator classes="o o">=</desc_sig_operator><inline classes="default_value" support_smartquotes="False">None</inline></desc_parameter></desc_parameterlist></desc_signature>
                    <desc_content>
                        <paragraph>Create a model from file</paragraph>
                        <field_list>
                            <field>
                                <field_name>Parameters</field_name>
                                <field_body>
                                    <bullet_list bullet="-">
                                        <list_item>
                                            <paragraph><title_reference>name</title_reference>: Custom name of the model</paragraph>
                                        </list_item>
                                        <list_item>
                                            <paragraph><title_reference>path</title_reference>: Path to the data file</paragraph>
                                        </list_item>
                                        <list_item>
                                            <paragraph><title_reference>format</title_reference>: File format string. Choose one of ‘abaqus:inp’,’ansys:cdb’, ‘ansys:dat’, ‘nastran:bdf’, ‘ansys:h5’</paragraph>
                                        </list_item>
                                        <list_item>
                                            <paragraph><title_reference>ignored_entities</title_reference>: Entities to ignore. Can be a subset of the following list: [‘mesh’, ‘element_sets’, ‘materials’, ‘coordinate_systems’, ‘shell_sections’]</paragraph>
                                        </list_item>
                                        <list_item>
                                            <paragraph><title_reference>convert_section_data</title_reference>: Whether to import and convert the shell section data into ACP composite definitions. Default is false.</paragraph>
                                        </list_item>
                                        <list_item>
                                            <paragraph><title_reference>unit_system_type</title_reference> : Set the unit system of the model to this type. Ignored if a unit system was already defined in the data file.</paragraph>
                                        </list_item>
                                        <list_item>
                                            <paragraph><title_reference>reference_surface_input_unit_system_type</title_reference> : Set the unit system of the reference surface if the unit system cannot be read from the input</paragraph>
                                        </list_item>
                                    </bullet_list>
                                </field_body>
                            </field>
                        </field_list>
                    </desc_content>
                </desc>
                <index entries="['single',\ 'material_data()\ (compolyx.DB\ property)',\ 'compolyx.DB.material_data',\ '',\ None]"></index>
                <desc classes="py" desctype="method" domain="py" noindex="False" objtype="method">
                    <desc_signature class="DB" fullname="DB.material_data" ids="compolyx.DB.material_data" module="compolyx"><desc_annotation xml:space="preserve">property </desc_annotation><desc_name xml:space="preserve">material_data</desc_name></desc_signature>
                    <desc_content>
                        <paragraph>Material Data Base</paragraph>
                    </desc_content>
                </desc>
                <index entries="['single',\ 'models()\ (compolyx.DB\ property)',\ 'compolyx.DB.models',\ '',\ None]"></index>
                <desc classes="py" desctype="method" domain="py" noindex="False" objtype="method">
                    <desc_signature class="DB" fullname="DB.models" ids="compolyx.DB.models" module="compolyx"><desc_annotation xml:space="preserve">property </desc_annotation><desc_name xml:space="preserve">models</desc_name></desc_signature>
                    <desc_content>
                        <paragraph>Models</paragraph>
                    </desc_content>
                </desc>
                <index entries="['single',\ 'open()\ (compolyx.DB\ method)',\ 'compolyx.DB.open',\ '',\ None]"></index>
                <desc classes="py" desctype="method" domain="py" noindex="False" objtype="method">
                    <desc_signature class="DB" fullname="DB.open" ids="compolyx.DB.open" module="compolyx"><desc_name xml:space="preserve">open</desc_name><desc_parameterlist xml:space="preserve"><desc_parameter xml:space="preserve"><desc_sig_name classes="n n">path</desc_sig_name></desc_parameter><desc_parameter xml:space="preserve"><desc_sig_name classes="n n">replace_workbench_inputs</desc_sig_name><desc_sig_operator classes="o o">=</desc_sig_operator><inline classes="default_value" support_smartquotes="False">None</inline></desc_parameter><desc_parameter xml:space="preserve"><desc_sig_name classes="n n">pre_db</desc_sig_name><desc_sig_operator classes="o o">=</desc_sig_operator><inline classes="default_value" support_smartquotes="False">None</inline></desc_parameter><desc_parameter xml:space="preserve"><desc_sig_name classes="n n">unit_system_type</desc_sig_name><desc_sig_operator classes="o o">=</desc_sig_operator><inline classes="default_value" support_smartquotes="False">None</inline></desc_parameter><desc_parameter xml:space="preserve"><desc_sig_name classes="n n">load_cached_data</desc_sig_name><desc_sig_operator classes="o o">=</desc_sig_operator><inline classes="default_value" support_smartquotes="False">False</inline></desc_parameter><desc_parameter xml:space="preserve"><desc_sig_name classes="n n">apply_shared_commands</desc_sig_name><desc_sig_operator classes="o o">=</desc_sig_operator><inline classes="default_value" support_smartquotes="False">False</inline></desc_parameter></desc_parameterlist></desc_signature>
                    <desc_content>
                        <paragraph>Open ACP file and append the model to models container
                            :Parameters:
                            - <title_reference>path</title_reference>: Path to ACP file
                            - <title_reference>replace_mesh_kwargs</title_reference> Optional keyword arguments to replace the mesh to load in db.import_model(…) upfront
                            - <title_reference>replace_workbench_inputs</title_reference> Optional dictionary with Workbench inputs to replace before executing the .acp file</paragraph>
                    </desc_content>
                </desc>
                <index entries="['single',\ 'open_h5()\ (compolyx.DB\ method)',\ 'compolyx.DB.open_h5',\ '',\ None]"></index>
                <desc classes="py" desctype="method" domain="py" noindex="False" objtype="method">
                    <desc_signature class="DB" fullname="DB.open_h5" ids="compolyx.DB.open_h5" module="compolyx"><desc_name xml:space="preserve">open_h5</desc_name><desc_parameterlist xml:space="preserve"><desc_parameter xml:space="preserve"><desc_sig_name classes="n n">path</desc_sig_name></desc_parameter><desc_parameter xml:space="preserve"><desc_sig_name classes="n n">cache_data</desc_sig_name><desc_sig_operator classes="o o">=</desc_sig_operator><inline classes="default_value" support_smartquotes="False">False</inline></desc_parameter><desc_parameter xml:space="preserve"><desc_sig_name classes="n n">apply_shared_commands</desc_sig_name><desc_sig_operator classes="o o">=</desc_sig_operator><inline classes="default_value" support_smartquotes="False">False</inline></desc_parameter></desc_parameterlist></desc_signature>
                    <desc_content>
                        <paragraph>Load a model from an ACPH5 database.</paragraph>
                        <field_list>
                            <field>
                                <field_name>Parameters</field_name>
                                <field_body>
                                    <bullet_list bullet="-">
                                        <list_item>
                                            <paragraph><title_reference>path</title_reference>: acph5 file path</paragraph>
                                        </list_item>
                                        <list_item>
                                            <paragraph><title_reference>cache_data</title_reference>: boolean whether to load the update results or not</paragraph>
                                        </list_item>
                                        <list_item>
                                            <paragraph><title_reference>apply_shared_commands</title_reference>: boolean to specify whether to load the Python commands from the ACP Shared section of the h5 file.</paragraph>
                                        </list_item>
                                    </bullet_list>
                                </field_body>
                            </field>
                        </field_list>
                    </desc_content>
                </desc>
                <index entries="['single',\ 'refresh_acph5()\ (compolyx.DB\ method)',\ 'compolyx.DB.refresh_acph5',\ '',\ None]"></index>
                <desc classes="py" desctype="method" domain="py" noindex="False" objtype="method">
                    <desc_signature class="DB" fullname="DB.refresh_acph5" ids="compolyx.DB.refresh_acph5" module="compolyx"><desc_name xml:space="preserve">refresh_acph5</desc_name><desc_parameterlist xml:space="preserve"><desc_parameter xml:space="preserve"><desc_sig_name classes="n n">path</desc_sig_name></desc_parameter><desc_parameter xml:space="preserve"><desc_sig_name classes="n n">external_sources</desc_sig_name></desc_parameter><desc_parameter xml:space="preserve"><desc_sig_name classes="n n">input_parameters</desc_sig_name><desc_sig_operator classes="o o">=</desc_sig_operator><inline classes="default_value" support_smartquotes="False">None</inline></desc_parameter><desc_parameter xml:space="preserve"><desc_sig_name classes="n n">initialize</desc_sig_name><desc_sig_operator classes="o o">=</desc_sig_operator><inline classes="default_value" support_smartquotes="False">False</inline></desc_parameter><desc_parameter xml:space="preserve"><desc_sig_name classes="n n">unit_system_type</desc_sig_name><desc_sig_operator classes="o o">=</desc_sig_operator><inline classes="default_value" support_smartquotes="False">None</inline></desc_parameter><desc_parameter xml:space="preserve"><desc_sig_name classes="n n">upgrade_from</desc_sig_name><desc_sig_operator classes="o o">=</desc_sig_operator><inline classes="default_value" support_smartquotes="False">None</inline></desc_parameter></desc_parameterlist></desc_signature>
                    <desc_content>
                        <paragraph>Refresh an acph5 db (Workbench mode only)</paragraph>
                        <field_list>
                            <field>
                                <field_name>Parameters</field_name>
                                <field_body>
                                    <bullet_list bullet="-">
                                        <list_item>
                                            <paragraph><title_reference>path</title_reference>: file path to acph5 file</paragraph>
                                        </list_item>
                                        <list_item>
                                            <definition_list>
                                                <definition_list_item>
                                                    <term><title_reference>external_sources</title_reference>: nested dict provided by ACP WB Add-in containing all the</term>
                                                    <definition>
                                                        <paragraph>external sources info (the file path, whether the source was modified, its ID etc.).
                                                            The keys of the dict are: [‘model’, ‘materials’, ‘cad_geometries’, ‘imported_solid_models’, ‘pre_db’, ‘solutions’].
                                                            Values for ‘model’ and ‘materials’ are dicts with the following fields [‘path’, ‘external_id’, ‘modified’].
                                                            Values for ‘cad_geometries’, ‘imported_solid_models’ and ‘pre_db’ are list
                                                            of dicts with fields [‘name’, ‘path’, ‘external_id’, ‘modified’].
                                                            Values for ‘solutions’ are dicts with fields  [‘name’, ‘path’, ‘external_id’, ‘modified’, ‘renumbering_mapping_paths’] where
                                                            renumbering_mapping_paths is a list of file paths.</paragraph>
                                                    </definition>
                                                </definition_list_item>
                                            </definition_list>
                                        </list_item>
                                        <list_item>
                                            <paragraph><title_reference>input_parameters</title_reference>: a dict of (name, value) pairs of WB input parameters.</paragraph>
                                        </list_item>
                                        <list_item>
                                            <definition_list>
                                                <definition_list_item>
                                                    <term><title_reference>initialize</title_reference>: specifies whether the acph5 database needs to be initialized (i.e. the file does not</term>
                                                    <definition>
                                                        <paragraph>yet exist).</paragraph>
                                                    </definition>
                                                </definition_list_item>
                                            </definition_list>
                                        </list_item>
                                        <list_item>
                                            <paragraph><title_reference>unit_system_type</title_reference>: Defines the unit system of the main / downstream ACP file. (TODO: Do we need this?)</paragraph>
                                        </list_item>
                                        <list_item>
                                            <paragraph><title_reference>upgrade_from</title_reference>: Defines the path of a legacy (.acp) ACP DB that has to be upgrade to the new format (load composite definitions and save as ACPH5).</paragraph>
                                        </list_item>
                                    </bullet_list>
                                </field_body>
                            </field>
                        </field_list>
                    </desc_content>
                </desc>
                <index entries="['single',\ 'reload()\ (compolyx.DB\ method)',\ 'compolyx.DB.reload',\ '',\ None]"></index>
                <desc classes="py" desctype="method" domain="py" noindex="False" objtype="method">
                    <desc_signature class="DB" fullname="DB.reload" ids="compolyx.DB.reload" module="compolyx"><desc_name xml:space="preserve">reload</desc_name><desc_parameterlist xml:space="preserve"><desc_parameter xml:space="preserve"><desc_sig_name classes="n n">model</desc_sig_name></desc_parameter></desc_parameterlist></desc_signature>
                    <desc_content>
                        <paragraph>Reloads the reference surface (mesh) of the model. See reload_mesh in the model for more details</paragraph>
                        <field_list>
                            <field>
                                <field_name>Parameters</field_name>
                                <field_body>
                                    <paragraph>-<title_reference>model</title_reference>: the model to be reloaded</paragraph>
                                </field_body>
                            </field>
                        </field_list>
                    </desc_content>
                </desc>
                <index entries="['single',\ 'save()\ (compolyx.DB\ method)',\ 'compolyx.DB.save',\ '',\ None]"></index>
                <desc classes="py" desctype="method" domain="py" noindex="False" objtype="method">
                    <desc_signature class="DB" fullname="DB.save" ids="compolyx.DB.save" module="compolyx"><desc_name xml:space="preserve">save</desc_name><desc_parameterlist xml:space="preserve"><desc_parameter xml:space="preserve"><desc_sig_name classes="n n">path</desc_sig_name><desc_sig_operator classes="o o">=</desc_sig_operator><inline classes="default_value" support_smartquotes="False">None</inline></desc_parameter><desc_parameter xml:space="preserve"><desc_sig_name classes="n n">model</desc_sig_name><desc_sig_operator classes="o o">=</desc_sig_operator><inline classes="default_value" support_smartquotes="False">None</inline></desc_parameter><desc_parameter xml:space="preserve"><desc_sig_name classes="n n">cache_data</desc_sig_name><desc_sig_operator classes="o o">=</desc_sig_operator><inline classes="default_value" support_smartquotes="False">None</inline></desc_parameter></desc_parameterlist></desc_signature>
                    <desc_content>
                        <paragraph>Save active model</paragraph>
                        <field_list>
                            <field>
                                <field_name>Parameters</field_name>
                                <field_body>
                                    <bullet_list bullet="-">
                                        <list_item>
                                            <paragraph><title_reference>path</title_reference>: file path</paragraph>
                                        </list_item>
                                        <list_item>
                                            <paragraph><title_reference>model</title_reference>: active model</paragraph>
                                        </list_item>
                                        <list_item>
                                            <paragraph><title_reference>cache_data</title_reference>: whether to store the update results or not.</paragraph>
                                        </list_item>
                                    </bullet_list>
                                </field_body>
                            </field>
                        </field_list>
                    </desc_content>
                </desc>
                <index entries="['single',\ 'set_unit_system()\ (compolyx.DB\ method)',\ 'compolyx.DB.set_unit_system',\ '',\ None]"></index>
                <desc classes="py" desctype="method" domain="py" noindex="False" objtype="method">
                    <desc_signature class="DB" fullname="DB.set_unit_system" ids="compolyx.DB.set_unit_system" module="compolyx"><desc_name xml:space="preserve">set_unit_system</desc_name><desc_parameterlist xml:space="preserve"><desc_parameter xml:space="preserve"><desc_sig_name classes="n n">unit_system_type</desc_sig_name></desc_parameter></desc_parameterlist></desc_signature>
                    <desc_content>
                        <paragraph>Set the unit system of all models opened in the database</paragraph>
                    </desc_content>
                </desc>
            </desc_content>
        </desc>
    </section>
</document>
