<?xml version="1.0" encoding="utf-8"?>
<!DOCTYPE document PUBLIC "+//IDN docutils.sourceforge.net//DTD Docutils Generic//EN//XML" "http://docutils.sourceforge.net/docs/ref/docutils.dtd">
<!-- Generated by Docutils 0.16 -->
<document source="C:\ANSYSDev\tfs_agent\_work\645\s\felyx\doc\acp\user_doc\acp_module\getting_started_acp.txt">
    <target refid="python-scripting-interface"></target>
    <section ids="introduction-to-acp-scripting python-scripting-interface" names="introduction\ to\ acp\ scripting python_scripting_interface">
        <title>Introduction to ACP Scripting</title>
        <section ids="basic-scripting" names="basic\ scripting">
            <title>Basic Scripting</title>
            <paragraph>The scripting language of ACP is Python which is an object oriented programming language. The user should have some
                basics experience in object oriented programming for the optimal use, but a basic script can easily be written by modifying an existing one or
                copy and paste from the History or Shell view.</paragraph>
            <paragraph>An example of one command is given below. In this command, the density of the material Corecell_A450 is defined (or modified if already defined) as 90.</paragraph>
            <literal_block force="False" highlight_args="{}" language="python" linenos="False" xml:space="preserve">db.models['class40.1'].material_data.materials['Corecell_A450'].rho = 90.0</literal_block>
            <paragraph>The easiest way to use scripting is to generate a script with the Graphical User Interface. Every action performed via the GUI is written to the
                History view. Use copy and paste to create your own scripts with a text editor. Save the scripts as *.py file and use the <title_reference>Run Script…</title_reference>
                functionality in the File Menu to run your script. In the case of an error, check the Shell view for more details.</paragraph>
            <paragraph>The aforementioned approach may be limited when it comes to retrieving solution results or specific model information.
                The section <reference internal="True" refid="advanced-python-code"><inline classes="std std-ref">Advanced Scripting</inline></reference> lists several examples of to how to access such information via a script.</paragraph>
            <paragraph>Additionally, an example of a python script is given in the Class40 example folder in the ACP installation directory. The <title_reference>update_materials.py</title_reference> file defines
                stress limits, Puck and Tsai-Wu constants for the UD and core materials. A list of common commands used to retrieve or modify data is shown below.</paragraph>
            <target refid="advanced-python-code"></target>
        </section>
        <section ids="advanced-scripting advanced-python-code" names="advanced\ scripting advanced_python_code">
            <title>Advanced Scripting</title>
            <paragraph>These examples are provided as a guide to more involved commands in the shell view. They all refer to the example model <title_reference>Kiteboard</title_reference>.</paragraph>
            <paragraph><strong>Maximum Layup Thickness</strong></paragraph>
            <literal_block force="False" highlight_args="{}" language="python" linenos="False" xml:space="preserve"># get active model
model = db.active_model
# get total thickness of all elements
thicknesses = list(model.mesh_query(name='thickness',position='centroid',selection='all'))
# get element labels
labels = model.mesh_query(name='labels',position='centroid',selection='all')
# get maximum thickness
max_thickness = max(thicknesses)
index_of_max = thicknesses.index(max_thickness)
# get element label with max thickness
element_label_with_max_thickness = labels[index_of_max]</literal_block>
            <paragraph><strong>Maximum Ply Thickness</strong></paragraph>
            <literal_block force="False" highlight_args="{}" language="python" linenos="False" xml:space="preserve"># get active model
model = db.active_model
# create new selection of all elements attached to a specific ply
modeling_ply = model.modeling_ply_groups['Core'].plies['mp_4']
model.select_elements(selection='sel0',op='new',attached_to=[modeling_ply])
# get total thickness of the first entity of selection sel0
thicknesses = list(model.mesh_query(name='thickness',position='centroid',selection='sel0', entities=[modeling_ply])[0])
# get element labels
labels = model.mesh_query(name='labels',position='centroid',selection='sel0')
# get maximum thickness
max_thickness = max(thicknesses)
index_of_max = thicknesses.index(max_thickness)
# get element label with max thickness
element_label_with_max_thickness = labels[index_of_max]</literal_block>
            <paragraph><strong>Maximum Inverse Reserve Factor and Failure Mode</strong></paragraph>
            <literal_block force="False" highlight_args="{}" language="python" linenos="False" xml:space="preserve"># get active model
model = db.active_model
# get first solution
solution = model.solutions.values()[0]
# get the failure criterion definition
fc_definition = model.definitions['FailureCriteria.MaxStrain_Core']
# get element labels
labels = model.mesh_query(name='labels',position='centroid',selection='all')
# get inverse reserve factors of all elements
irfs = list(solution.query(definition=fc_definition,position='centroid',selection='all',component='irf'))
# get failure modes of all elements
failure_modes = solution.query(definition=fc_definition,position='centroid',selection='all',component='fm')
# get the maximum IRF value
max_irf = max(irfs)
# get the index of maximum IRF
index_of_max = irfs.index(max_irf)
# get failure mode corresponding to maximum IRF
critical_failure_mode = failure_modes[index_of_max]
# get element label where the maximum IRF occurs
element_label_of_max = labels[index_of_max]</literal_block>
        </section>
    </section>
</document>
