<?xml version="1.0" encoding="utf-8"?>
<!DOCTYPE document PUBLIC "+//IDN docutils.sourceforge.net//DTD Docutils Generic//EN//XML" "http://docutils.sourceforge.net/docs/ref/docutils.dtd">
<!-- Generated by Docutils 0.16 -->
<document source="C:\ANSYSDev\tfs_agent\_work\645\s\felyx\doc\acp\user_doc\acp_module\python_object_tree.txt">
    <section ids="the-python-object-tree" names="the\ python\ object\ tree">
        <title>The Python Object Tree</title>
        <paragraph>The ACP Python interface is organized as a static python object tree.
            This tree contains all loaded models, solutions, definitions, views and scenes.
            Access to the actually loaded object tree is always provided through the root object <reference internal="True" reftitle="compolyx.DB" refuri="db_database#compolyx.DB"><literal classes="xref py py-class">compolyx.DB</literal></reference> in the embedded Python shell.</paragraph>
        <figure align="center" ids="id1">
            <image candidates="{'*': 'acp-tree.png'}" uri="acp-tree.png"></image>
            <caption>ACP Pyhton Object Tree</caption>
        </figure>
    </section>
</document>
